-- Creating the "College" Database

CREATE DATABASE College;

-- Using the "College" Database

USE College;

-- Student Table
-- ======================

/* CREATE TABLE */

CREATE TABLE Student(
Stuid INT,
Sname VARCHAR(100),
Branch VARCHAR(100),
Marks INT
);

/* INSERT QUERY NO: 1 */
INSERT INTO Student(Stuid, Sname, Branch, Marks)
VALUES
(
1, 'Halee', 'IT', 22
);

/* INSERT QUERY NO: 2 */
INSERT INTO Student(Stuid, Sname, Branch, Marks)
VALUES
(
2, 'Kane', 'CSE', 99
);

/* INSERT QUERY NO: 3 */
INSERT INTO Student(Stuid, Sname, Branch, Marks)
VALUES
(
3, 'Nicole', 'Mechanical', 44
);

/* INSERT QUERY NO: 4 */
INSERT INTO Student(Stuid, Sname, Branch, Marks)
VALUES
(
4, 'Edan', 'ECE', 24
);

/* INSERT QUERY NO: 5 */
INSERT INTO Student(Stuid, Sname, Branch, Marks)
VALUES
(
5, 'Glenna', 'Electrical', 32
);

/* INSERT QUERY NO: 6 */
INSERT INTO Student(Stuid, Sname, Branch, Marks)
VALUES
(
6, 'Judith', '', 58
);

/* INSERT QUERY NO: 7 */
INSERT INTO Student(Stuid, Sname, Branch, Marks)
VALUES
(
7, 'Claudia', 'Biotech', 83
);

/* INSERT QUERY NO: 8 */
INSERT INTO Student(Stuid, Sname, Branch, Marks)
VALUES
(
8, 'Emmanuel', 'Electrical', 98
);

/* INSERT QUERY NO: 9 */
INSERT INTO Student(Stuid, Sname, Branch, Marks)
VALUES
(
9, 'Cedric', '', 0
);

/* INSERT QUERY NO: 10 */
INSERT INTO Student(Stuid, Sname, Branch, Marks)
VALUES
(
10, 'Tobias', 'Biotech', 41
);

/* INSERT QUERY NO: 11 */
INSERT INTO Student(Stuid, Sname, Branch, Marks)
VALUES
(
11, 'Petra', 'Electrical', 85
);

/* INSERT QUERY NO: 12 */
INSERT INTO Student(Stuid, Sname, Branch, Marks)
VALUES
(
12, 'Rama', 'Mechanical', 34
);

/* INSERT QUERY NO: 13 */
INSERT INTO Student(Stuid, Sname, Branch, Marks)
VALUES
(
13, 'Barbara', '', 97
);

/* INSERT QUERY NO: 14 */
INSERT INTO Student(Stuid, Sname, Branch, Marks)
VALUES
(
14, 'Meghan', '', 60
);

/* INSERT QUERY NO: 15 */
INSERT INTO Student(Stuid, Sname, Branch, Marks)
VALUES
(
15, 'Jarrod', 'Biotech', 51
);

/* INSERT QUERY NO: 16 */
INSERT INTO Student(Stuid, Sname, Branch, Marks)
VALUES
(
16, 'Autumn', '', 68
);

/* INSERT QUERY NO: 17 */
INSERT INTO Student(Stuid, Sname, Branch, Marks)
VALUES
(
17, 'Sigourney', '', 62
);

/* INSERT QUERY NO: 18 */
INSERT INTO Student(Stuid, Sname, Branch, Marks)
VALUES
(
18, 'Alana', '', 46
);

/* INSERT QUERY NO: 19 */
INSERT INTO Student(Stuid, Sname, Branch, Marks)
VALUES
(
19, 'Liberty', 'ECE', 82
);

/* INSERT QUERY NO: 20 */
INSERT INTO Student(Stuid, Sname, Branch, Marks)
VALUES
(
20, 'August', 'Civil', 76
);

/* INSERT QUERY NO: 21 */
INSERT INTO Student(Stuid, Sname, Branch, Marks)
VALUES
(
21, 'Carson', 'CSE', 82
);

/* INSERT QUERY NO: 22 */
INSERT INTO Student(Stuid, Sname, Branch, Marks)
VALUES
(
22, 'Kylan', 'Robotics', 69
);

/* INSERT QUERY NO: 23 */
INSERT INTO Student(Stuid, Sname, Branch, Marks)
VALUES
(
23, 'Jonah', 'Civil', 68
);

/* INSERT QUERY NO: 24 */
INSERT INTO Student(Stuid, Sname, Branch, Marks)
VALUES
(
24, 'Guy', '', 66
);

/* INSERT QUERY NO: 25 */
INSERT INTO Student(Stuid, Sname, Branch, Marks)
VALUES
(
25, 'Porter', 'Biotech', 87
);

/* INSERT QUERY NO: 26 */
INSERT INTO Student(Stuid, Sname, Branch, Marks)
VALUES
(
26, 'Nina', 'Electrical', 25
);

/* INSERT QUERY NO: 27 */
INSERT INTO Student(Stuid, Sname, Branch, Marks)
VALUES
(
27, 'Orlando', 'Mechanical', 49
);

/* INSERT QUERY NO: 28 */
INSERT INTO Student(Stuid, Sname, Branch, Marks)
VALUES
(
28, 'Orla', '', 75
);

/* INSERT QUERY NO: 29 */
INSERT INTO Student(Stuid, Sname, Branch, Marks)
VALUES
(
29, 'Nomlanga', '', 96
);

/* INSERT QUERY NO: 30 */
INSERT INTO Student(Stuid, Sname, Branch, Marks)
VALUES
(
30, 'Nora', '', 46
);

/* INSERT QUERY NO: 31 */
INSERT INTO Student(Stuid, Sname, Branch, Marks)
VALUES
(
31, 'Buckminster', 'Robotics', 77
);

/* INSERT QUERY NO: 32 */
INSERT INTO Student(Stuid, Sname, Branch, Marks)
VALUES
(
32, 'Kenneth', 'Civil', 81
);

/* INSERT QUERY NO: 33 */
INSERT INTO Student(Stuid, Sname, Branch, Marks)
VALUES
(
33, 'Linus', '', 49
);

/* INSERT QUERY NO: 34 */
INSERT INTO Student(Stuid, Sname, Branch, Marks)
VALUES
(
34, 'Kendall', 'Chemical', 24
);

/* INSERT QUERY NO: 35 */
INSERT INTO Student(Stuid, Sname, Branch, Marks)
VALUES
(
35, 'Ciaran', '', 79
);

/* INSERT QUERY NO: 36 */
INSERT INTO Student(Stuid, Sname, Branch, Marks)
VALUES
(
36, 'Xaviera', '', 0
);

/* INSERT QUERY NO: 37 */
INSERT INTO Student(Stuid, Sname, Branch, Marks)
VALUES
(
37, 'Vivian', 'Civil', 83
);

/* INSERT QUERY NO: 38 */
INSERT INTO Student(Stuid, Sname, Branch, Marks)
VALUES
(
38, 'Kermit', '', 60
);

/* INSERT QUERY NO: 39 */
INSERT INTO Student(Stuid, Sname, Branch, Marks)
VALUES
(
39, 'Elijah', 'IT', 64
);

/* INSERT QUERY NO: 40 */
INSERT INTO Student(Stuid, Sname, Branch, Marks)
VALUES
(
40, 'Zia', 'ETC', 95
);

/* INSERT QUERY NO: 41 */
INSERT INTO Student(Stuid, Sname, Branch, Marks)
VALUES
(
41, 'Vivian', 'CSE', 24
);

/* INSERT QUERY NO: 42 */
INSERT INTO Student(Stuid, Sname, Branch, Marks)
VALUES
(
42, 'Daria', '', 31
);

/* INSERT QUERY NO: 43 */
INSERT INTO Student(Stuid, Sname, Branch, Marks)
VALUES
(
43, 'Holly', 'Electrical', 30
);

/* INSERT QUERY NO: 44 */
INSERT INTO Student(Stuid, Sname, Branch, Marks)
VALUES
(
44, 'Zeus', 'IT', 41
);

/* INSERT QUERY NO: 45 */
INSERT INTO Student(Stuid, Sname, Branch, Marks)
VALUES
(
45, 'Althea', '', 24
);

/* INSERT QUERY NO: 46 */
INSERT INTO Student(Stuid, Sname, Branch, Marks)
VALUES
(
46, 'Tate', 'IT', 0
);

/* INSERT QUERY NO: 47 */
INSERT INTO Student(Stuid, Sname, Branch, Marks)
VALUES
(
47, 'Tanya', 'ETC', 47
);

/* INSERT QUERY NO: 48 */
INSERT INTO Student(Stuid, Sname, Branch, Marks)
VALUES
(
48, 'Maile', 'CSE', 91
);

/* INSERT QUERY NO: 49 */
INSERT INTO Student(Stuid, Sname, Branch, Marks)
VALUES
(
49, 'Seth', 'IT', 73
);

/* INSERT QUERY NO: 50 */
INSERT INTO Student(Stuid, Sname, Branch, Marks)
VALUES
(
50, 'Hilary', '', 92
);

/* INSERT QUERY NO: 51 */
INSERT INTO Student(Stuid, Sname, Branch, Marks)
VALUES
(
51, 'Raja', 'Biotech', 37
);

/* INSERT QUERY NO: 52 */
INSERT INTO Student(Stuid, Sname, Branch, Marks)
VALUES
(
52, 'Axel', 'Electrical', 74
);

/* INSERT QUERY NO: 53 */
INSERT INTO Student(Stuid, Sname, Branch, Marks)
VALUES
(
53, 'Moses', 'Mechanical', 48
);

/* INSERT QUERY NO: 54 */
INSERT INTO Student(Stuid, Sname, Branch, Marks)
VALUES
(
54, 'Tyrone', '', 48
);

/* INSERT QUERY NO: 55 */
INSERT INTO Student(Stuid, Sname, Branch, Marks)
VALUES
(
55, 'Xander', 'Robotics', 77
);

/* INSERT QUERY NO: 56 */
INSERT INTO Student(Stuid, Sname, Branch, Marks)
VALUES
(
56, 'Quentin', 'Aeronautics', 0
);

/* INSERT QUERY NO: 57 */
INSERT INTO Student(Stuid, Sname, Branch, Marks)
VALUES
(
57, 'Myles', 'IT', 32
);

/* INSERT QUERY NO: 58 */
INSERT INTO Student(Stuid, Sname, Branch, Marks)
VALUES
(
58, 'Germaine', '', 59
);

/* INSERT QUERY NO: 59 */
INSERT INTO Student(Stuid, Sname, Branch, Marks)
VALUES
(
59, 'Tanek', '', 77
);

/* INSERT QUERY NO: 60 */
INSERT INTO Student(Stuid, Sname, Branch, Marks)
VALUES
(
60, 'Lucian', 'ECE', 60
);

/* INSERT QUERY NO: 61 */
INSERT INTO Student(Stuid, Sname, Branch, Marks)
VALUES
(
61, 'Xander', 'ECE', 57
);

/* INSERT QUERY NO: 62 */
INSERT INTO Student(Stuid, Sname, Branch, Marks)
VALUES
(
62, 'Scott', '', 86
);

/* INSERT QUERY NO: 63 */
INSERT INTO Student(Stuid, Sname, Branch, Marks)
VALUES
(
63, 'Erasmus', '', 97
);

/* INSERT QUERY NO: 64 */
INSERT INTO Student(Stuid, Sname, Branch, Marks)
VALUES
(
64, 'Demetrius', 'Biotech', 25
);

/* INSERT QUERY NO: 65 */
INSERT INTO Student(Stuid, Sname, Branch, Marks)
VALUES
(
65, 'Daryl', 'Electrical', 31
);

/* INSERT QUERY NO: 66 */
INSERT INTO Student(Stuid, Sname, Branch, Marks)
VALUES
(
66, 'Akeem', 'Mechanical', 0
);

/* INSERT QUERY NO: 67 */
INSERT INTO Student(Stuid, Sname, Branch, Marks)
VALUES
(
67, 'Maxwell', 'CSE', 52
);

/* INSERT QUERY NO: 68 */
INSERT INTO Student(Stuid, Sname, Branch, Marks)
VALUES
(
68, 'Maia', '', 28
);

/* INSERT QUERY NO: 69 */
INSERT INTO Student(Stuid, Sname, Branch, Marks)
VALUES
(
69, 'Todd', 'CSE', 74
);

/* INSERT QUERY NO: 70 */
INSERT INTO Student(Stuid, Sname, Branch, Marks)
VALUES
(
70, 'Chastity', 'CSE', 97
);

/* INSERT QUERY NO: 71 */
INSERT INTO Student(Stuid, Sname, Branch, Marks)
VALUES
(
71, 'Bianca', 'ECE', 64
);

/* INSERT QUERY NO: 72 */
INSERT INTO Student(Stuid, Sname, Branch, Marks)
VALUES
(
72, 'Lana', 'Robotics', 66
);

/* INSERT QUERY NO: 73 */
INSERT INTO Student(Stuid, Sname, Branch, Marks)
VALUES
(
73, 'Ronan', 'CSE', 44
);

/* INSERT QUERY NO: 74 */
INSERT INTO Student(Stuid, Sname, Branch, Marks)
VALUES
(
74, 'Mariam', 'Robotics', 53
);

/* INSERT QUERY NO: 75 */
INSERT INTO Student(Stuid, Sname, Branch, Marks)
VALUES
(
75, 'Charity', '', 74
);

/* INSERT QUERY NO: 76 */
INSERT INTO Student(Stuid, Sname, Branch, Marks)
VALUES
(
76, 'Harper', 'ECE', 62
);

/* INSERT QUERY NO: 77 */
INSERT INTO Student(Stuid, Sname, Branch, Marks)
VALUES
(
77, 'Harriet', 'Biotech', 28
);

/* INSERT QUERY NO: 78 */
INSERT INTO Student(Stuid, Sname, Branch, Marks)
VALUES
(
78, 'Audrey', 'Electrical', 37
);

/* INSERT QUERY NO: 79 */
INSERT INTO Student(Stuid, Sname, Branch, Marks)
VALUES
(
79, 'Nasim', '', 33
);

/* INSERT QUERY NO: 80 */
INSERT INTO Student(Stuid, Sname, Branch, Marks)
VALUES
(
80, 'Cameron', 'Robotics', 69
);

/* INSERT QUERY NO: 81 */
INSERT INTO Student(Stuid, Sname, Branch, Marks)
VALUES
(
81, 'Salvador', '', 90
);

/* INSERT QUERY NO: 82 */
INSERT INTO Student(Stuid, Sname, Branch, Marks)
VALUES
(
82, 'Mona', 'IT', 87
);

/* INSERT QUERY NO: 83 */
INSERT INTO Student(Stuid, Sname, Branch, Marks)
VALUES
(
83, 'Aurora', 'Biotech', 80
);

/* INSERT QUERY NO: 84 */
INSERT INTO Student(Stuid, Sname, Branch, Marks)
VALUES
(
84, 'Marvin', 'Electrical', 86
);

/* INSERT QUERY NO: 85 */
INSERT INTO Student(Stuid, Sname, Branch, Marks)
VALUES
(
85, 'Aquila', 'Mechanical', 91
);

/* INSERT QUERY NO: 86 */
INSERT INTO Student(Stuid, Sname, Branch, Marks)
VALUES
(
86, 'Keefe', '', 72
);

/* INSERT QUERY NO: 87 */
INSERT INTO Student(Stuid, Sname, Branch, Marks)
VALUES
(
87, 'Chiquita', 'ECE', 0
);

/* INSERT QUERY NO: 88 */
INSERT INTO Student(Stuid, Sname, Branch, Marks)
VALUES
(
88, 'Stewart', 'Mechanical', 52
);

/* INSERT QUERY NO: 89 */
INSERT INTO Student(Stuid, Sname, Branch, Marks)
VALUES
(
89, 'Rose', 'IT', 35
);

/* INSERT QUERY NO: 90 */
INSERT INTO Student(Stuid, Sname, Branch, Marks)
VALUES
(
90, 'Joshua', 'ETC', 73
);

/* INSERT QUERY NO: 91 */
INSERT INTO Student(Stuid, Sname, Branch, Marks)
VALUES
(
91, 'Geoffrey', 'CSE', 63
);

/* INSERT QUERY NO: 92 */
INSERT INTO Student(Stuid, Sname, Branch, Marks)
VALUES
(
92, 'Paula', '', 89
);

/* INSERT QUERY NO: 93 */
INSERT INTO Student(Stuid, Sname, Branch, Marks)
VALUES
(
93, 'Dane', 'Aeronautics', 20
);

/* INSERT QUERY NO: 94 */
INSERT INTO Student(Stuid, Sname, Branch, Marks)
VALUES
(
94, 'Channing', '', 37
);

/* INSERT QUERY NO: 95 */
INSERT INTO Student(Stuid, Sname, Branch, Marks)
VALUES
(
95, 'Logan', '', 62
);

/* INSERT QUERY NO: 96 */
INSERT INTO Student(Stuid, Sname, Branch, Marks)
VALUES
(
96, 'Eagan', 'Civil', 25
);

/* INSERT QUERY NO: 97 */
INSERT INTO Student(Stuid, Sname, Branch, Marks)
VALUES
(
97, 'Lisandra', 'CSE', 92
);

/* INSERT QUERY NO: 98 */
INSERT INTO Student(Stuid, Sname, Branch, Marks)
VALUES
(
98, 'Scarlett', 'ECE', 0
);

/* INSERT QUERY NO: 99 */
INSERT INTO Student(Stuid, Sname, Branch, Marks)
VALUES
(
99, 'Iris', 'Chemical', 72
);

/* INSERT QUERY NO: 100 */
INSERT INTO Student(Stuid, Sname, Branch, Marks)
VALUES
(
100, 'Lacey', 'Civil', 53
);


-- Faculty Table
-- ======================

/* CREATE TABLE */
CREATE TABLE Faculty(
Fid INT,
Fname VARCHAR(100),
Qualification VARCHAR(100),
Deptid INT
);

/* INSERT QUERY NO: 1 */
INSERT INTO Faculty(Fid, Fname, Qualification, Deptid)
VALUES
(
100, 'Hoyt Chavez', 'Ph.D', 6
);

/* INSERT QUERY NO: 2 */
INSERT INTO Faculty(Fid, Fname, Qualification, Deptid)
VALUES
(
101, 'Noah Mason', 'Mtech.', 9
);

/* INSERT QUERY NO: 3 */
INSERT INTO Faculty(Fid, Fname, Qualification, Deptid)
VALUES
(
102, 'Kiona Suarez', 'Btech.', 5
);

/* INSERT QUERY NO: 4 */
INSERT INTO Faculty(Fid, Fname, Qualification, Deptid)
VALUES
(
103, 'Adena Rojas', 'MSc.', 6
);

/* INSERT QUERY NO: 5 */
INSERT INTO Faculty(Fid, Fname, Qualification, Deptid)
VALUES
(
104, 'Levi Marsh', 'Mtech.', 4
);

/* INSERT QUERY NO: 6 */
INSERT INTO Faculty(Fid, Fname, Qualification, Deptid)
VALUES
(
105, 'Tanner Bullock', '', 9
);

/* INSERT QUERY NO: 7 */
INSERT INTO Faculty(Fid, Fname, Qualification, Deptid)
VALUES
(
106, 'Alma Woodward', 'BSc.', 4
);

/* INSERT QUERY NO: 8 */
INSERT INTO Faculty(Fid, Fname, Qualification, Deptid)
VALUES
(
107, 'Jordan Olsen', 'Mcom.', 9
);

/* INSERT QUERY NO: 9 */
INSERT INTO Faculty(Fid, Fname, Qualification, Deptid)
VALUES
(
108, 'Aretha Jacobson', 'MBA', 9
);

/* INSERT QUERY NO: 10 */
INSERT INTO Faculty(Fid, Fname, Qualification, Deptid)
VALUES
(
109, 'Caldwell Whitney', 'MCA', 4
);

/* INSERT QUERY NO: 11 */
INSERT INTO Faculty(Fid, Fname, Qualification, Deptid)
VALUES
(
110, 'Jermaine Richmond', 'BSc.', 10
);

/* INSERT QUERY NO: 12 */
INSERT INTO Faculty(Fid, Fname, Qualification, Deptid)
VALUES
(
111, 'Alma Hood', 'Ph.D', 1
);

/* INSERT QUERY NO: 13 */
INSERT INTO Faculty(Fid, Fname, Qualification, Deptid)
VALUES
(
112, 'Palmer Avery', 'Mtech.', 6
);

/* INSERT QUERY NO: 14 */
INSERT INTO Faculty(Fid, Fname, Qualification, Deptid)
VALUES
(
113, 'Tashya Cross', 'Btech.', 10
);

/* INSERT QUERY NO: 15 */
INSERT INTO Faculty(Fid, Fname, Qualification, Deptid)
VALUES
(
114, 'Hanna Burns', 'Mtech.', 7
);

/* INSERT QUERY NO: 16 */
INSERT INTO Faculty(Fid, Fname, Qualification, Deptid)
VALUES
(
115, 'Shana Morales', 'Ph.D', 9
);

/* INSERT QUERY NO: 17 */
INSERT INTO Faculty(Fid, Fname, Qualification, Deptid)
VALUES
(
116, 'Erin Freeman', '', 5
);

/* INSERT QUERY NO: 18 */
INSERT INTO Faculty(Fid, Fname, Qualification, Deptid)
VALUES
(
117, 'Palmer Zamora', 'Mtech.', 9
);

/* INSERT QUERY NO: 19 */
INSERT INTO Faculty(Fid, Fname, Qualification, Deptid)
VALUES
(
118, 'Dai Mccoy', 'Ph.D', 9
);

/* INSERT QUERY NO: 20 */
INSERT INTO Faculty(Fid, Fname, Qualification, Deptid)
VALUES
(
119, 'Dolan Contreras', 'MCA', 4
);

/* INSERT QUERY NO: 21 */
INSERT INTO Faculty(Fid, Fname, Qualification, Deptid)
VALUES
(
120, 'Xenos Sparks', 'Mtech.', 4
);

/* INSERT QUERY NO: 22 */
INSERT INTO Faculty(Fid, Fname, Qualification, Deptid)
VALUES
(
121, 'Joel Lester', '', 2
);

/* INSERT QUERY NO: 23 */
INSERT INTO Faculty(Fid, Fname, Qualification, Deptid)
VALUES
(
122, 'Leandra Rocha', 'BSc.', 9
);

/* INSERT QUERY NO: 24 */
INSERT INTO Faculty(Fid, Fname, Qualification, Deptid)
VALUES
(
123, 'Kiara Jacobs', 'Btech.', 10
);

/* INSERT QUERY NO: 25 */
INSERT INTO Faculty(Fid, Fname, Qualification, Deptid)
VALUES
(
124, 'Ciara Acevedo', 'MBA', 4
);

/* INSERT QUERY NO: 26 */
INSERT INTO Faculty(Fid, Fname, Qualification, Deptid)
VALUES
(
125, 'Isadora Knapp', 'MBA', 1
);

/* INSERT QUERY NO: 27 */
INSERT INTO Faculty(Fid, Fname, Qualification, Deptid)
VALUES
(
126, 'Harper Giles', 'MSc.', 4
);

/* INSERT QUERY NO: 28 */
INSERT INTO Faculty(Fid, Fname, Qualification, Deptid)
VALUES
(
127, 'Vera Mcdaniel', 'MBA', 6
);

/* INSERT QUERY NO: 29 */
INSERT INTO Faculty(Fid, Fname, Qualification, Deptid)
VALUES
(
128, 'Eden Jackson', 'Btech.', 7
);

/* INSERT QUERY NO: 30 */
INSERT INTO Faculty(Fid, Fname, Qualification, Deptid)
VALUES
(
129, 'Fritz Woodard', 'Ph.D', 1
);

/* INSERT QUERY NO: 31 */
INSERT INTO Faculty(Fid, Fname, Qualification, Deptid)
VALUES
(
130, 'Steel Bryant', 'BSc.', 3
);

/* INSERT QUERY NO: 32 */
INSERT INTO Faculty(Fid, Fname, Qualification, Deptid)
VALUES
(
131, 'Samuel Mcguire', 'MBA', 1
);

/* INSERT QUERY NO: 33 */
INSERT INTO Faculty(Fid, Fname, Qualification, Deptid)
VALUES
(
132, 'Hashim Nash', 'Ph.D', 1
);

/* INSERT QUERY NO: 34 */
INSERT INTO Faculty(Fid, Fname, Qualification, Deptid)
VALUES
(
133, 'Dieter Blackwell', 'BSc.', 3
);

/* INSERT QUERY NO: 35 */
INSERT INTO Faculty(Fid, Fname, Qualification, Deptid)
VALUES
(
134, 'Micah Mayo', '', 4
);

/* INSERT QUERY NO: 36 */
INSERT INTO Faculty(Fid, Fname, Qualification, Deptid)
VALUES
(
135, 'Zorita Alston', 'Ph.D', 4
);

/* INSERT QUERY NO: 37 */
INSERT INTO Faculty(Fid, Fname, Qualification, Deptid)
VALUES
(
136, 'Nell Curtis', 'BSc.', 3
);

/* INSERT QUERY NO: 38 */
INSERT INTO Faculty(Fid, Fname, Qualification, Deptid)
VALUES
(
137, 'Pearl Dorsey', 'Mtech.', 7
);

/* INSERT QUERY NO: 39 */
INSERT INTO Faculty(Fid, Fname, Qualification, Deptid)
VALUES
(
138, 'Calista Mullen', 'MCA', 10
);

/* INSERT QUERY NO: 40 */
INSERT INTO Faculty(Fid, Fname, Qualification, Deptid)
VALUES
(
139, 'Frances Mcdowell', 'Btech.', 1
);

/* INSERT QUERY NO: 41 */
INSERT INTO Faculty(Fid, Fname, Qualification, Deptid)
VALUES
(
140, 'Melissa Johnston', 'BSc.', 3
);

/* INSERT QUERY NO: 42 */
INSERT INTO Faculty(Fid, Fname, Qualification, Deptid)
VALUES
(
141, 'Anjolie Lyons', '', 9
);

/* INSERT QUERY NO: 43 */
INSERT INTO Faculty(Fid, Fname, Qualification, Deptid)
VALUES
(
142, 'Moana English', 'MBA', 10
);

/* INSERT QUERY NO: 44 */
INSERT INTO Faculty(Fid, Fname, Qualification, Deptid)
VALUES
(
143, 'Arthur Arnold', 'Mcom.', 10
);

/* INSERT QUERY NO: 45 */
INSERT INTO Faculty(Fid, Fname, Qualification, Deptid)
VALUES
(
144, 'Bevis Mullins', 'Mtech.', 3
);

/* INSERT QUERY NO: 46 */
INSERT INTO Faculty(Fid, Fname, Qualification, Deptid)
VALUES
(
145, 'Hannah Olson', 'BSc.', 6
);

/* INSERT QUERY NO: 47 */
INSERT INTO Faculty(Fid, Fname, Qualification, Deptid)
VALUES
(
146, 'Summer Ball', 'Ph.D', 10
);

/* INSERT QUERY NO: 48 */
INSERT INTO Faculty(Fid, Fname, Qualification, Deptid)
VALUES
(
147, 'Eleanor Hutchinson', 'Mcom.', 1
);

/* INSERT QUERY NO: 49 */
INSERT INTO Faculty(Fid, Fname, Qualification, Deptid)
VALUES
(
148, 'Ignatius Barnes', 'MSc.', 5
);

/* INSERT QUERY NO: 50 */
INSERT INTO Faculty(Fid, Fname, Qualification, Deptid)
VALUES
(
149, 'Colorado Miranda', 'Mtech.', 2
);

/* INSERT QUERY NO: 51 */
INSERT INTO Faculty(Fid, Fname, Qualification, Deptid)
VALUES
(
150, 'Kasper Nunez', 'Mtech.', 8
);

/* INSERT QUERY NO: 52 */
INSERT INTO Faculty(Fid, Fname, Qualification, Deptid)
VALUES
(
151, 'Sasha Hicks', '', 10
);

/* INSERT QUERY NO: 53 */
INSERT INTO Faculty(Fid, Fname, Qualification, Deptid)
VALUES
(
152, 'Yuri Beach', 'Mtech.', 1
);

/* INSERT QUERY NO: 54 */
INSERT INTO Faculty(Fid, Fname, Qualification, Deptid)
VALUES
(
153, 'Yetta Cooper', 'Ph.D', 8
);

/* INSERT QUERY NO: 55 */
INSERT INTO Faculty(Fid, Fname, Qualification, Deptid)
VALUES
(
154, 'Cassady Sanchez', 'BSc.', 2
);

/* INSERT QUERY NO: 56 */
INSERT INTO Faculty(Fid, Fname, Qualification, Deptid)
VALUES
(
155, 'Patrick Marshall', 'Ph.D', 2
);

/* INSERT QUERY NO: 57 */
INSERT INTO Faculty(Fid, Fname, Qualification, Deptid)
VALUES
(
156, 'Kaseem Barrett', 'MBA', 7
);

/* INSERT QUERY NO: 58 */
INSERT INTO Faculty(Fid, Fname, Qualification, Deptid)
VALUES
(
157, 'Summer Mcgowan', '', 5
);

/* INSERT QUERY NO: 59 */
INSERT INTO Faculty(Fid, Fname, Qualification, Deptid)
VALUES
(
158, 'Celeste Gamble', 'Mtech.', 5
);

/* INSERT QUERY NO: 60 */
INSERT INTO Faculty(Fid, Fname, Qualification, Deptid)
VALUES
(
159, 'Martha Wilder', 'BSc.', 9
);

/* INSERT QUERY NO: 61 */
INSERT INTO Faculty(Fid, Fname, Qualification, Deptid)
VALUES
(
160, 'Kyla Walls', 'MSc.', 6
);

/* INSERT QUERY NO: 62 */
INSERT INTO Faculty(Fid, Fname, Qualification, Deptid)
VALUES
(
161, 'Austin Bullock', 'Btech.', 6
);

/* INSERT QUERY NO: 63 */
INSERT INTO Faculty(Fid, Fname, Qualification, Deptid)
VALUES
(
162, 'Yuli Garrett', 'MBA', 4
);

/* INSERT QUERY NO: 64 */
INSERT INTO Faculty(Fid, Fname, Qualification, Deptid)
VALUES
(
163, 'Joshua Williams', 'Btech.', 3
);

/* INSERT QUERY NO: 65 */
INSERT INTO Faculty(Fid, Fname, Qualification, Deptid)
VALUES
(
164, 'Rylee Stephenson', 'Mcom.', 8
);

/* INSERT QUERY NO: 66 */
INSERT INTO Faculty(Fid, Fname, Qualification, Deptid)
VALUES
(
165, 'Sawyer Wiley', 'Ph.D', 2
);

/* INSERT QUERY NO: 67 */
INSERT INTO Faculty(Fid, Fname, Qualification, Deptid)
VALUES
(
166, 'Sloane House', 'Mtech.', 3
);

/* INSERT QUERY NO: 68 */
INSERT INTO Faculty(Fid, Fname, Qualification, Deptid)
VALUES
(
167, 'Yael Wade', '', 8
);

/* INSERT QUERY NO: 69 */
INSERT INTO Faculty(Fid, Fname, Qualification, Deptid)
VALUES
(
168, 'Karly Faulkner', 'Mcom.', 4
);

/* INSERT QUERY NO: 70 */
INSERT INTO Faculty(Fid, Fname, Qualification, Deptid)
VALUES
(
169, 'Macy Price', 'Mcom.', 1
);

/* INSERT QUERY NO: 71 */
INSERT INTO Faculty(Fid, Fname, Qualification, Deptid)
VALUES
(
170, 'Kasimir Burt', 'Mtech.', 10
);

/* INSERT QUERY NO: 72 */
INSERT INTO Faculty(Fid, Fname, Qualification, Deptid)
VALUES
(
171, 'Giacomo Alexander', 'Mcom.', 5
);

/* INSERT QUERY NO: 73 */
INSERT INTO Faculty(Fid, Fname, Qualification, Deptid)
VALUES
(
172, 'George Cooley', 'Btech.', 6
);

/* INSERT QUERY NO: 74 */
INSERT INTO Faculty(Fid, Fname, Qualification, Deptid)
VALUES
(
173, 'Magee Hooper', 'Mcom.', 6
);

/* INSERT QUERY NO: 75 */
INSERT INTO Faculty(Fid, Fname, Qualification, Deptid)
VALUES
(
174, 'Carter Sanford', 'MBA', 4
);

/* INSERT QUERY NO: 76 */
INSERT INTO Faculty(Fid, Fname, Qualification, Deptid)
VALUES
(
175, 'Eagan Travis', 'MSc.', 6
);

/* INSERT QUERY NO: 77 */
INSERT INTO Faculty(Fid, Fname, Qualification, Deptid)
VALUES
(
176, 'Ulric Conner', 'MCA', 9
);

/* INSERT QUERY NO: 78 */
INSERT INTO Faculty(Fid, Fname, Qualification, Deptid)
VALUES
(
177, 'Jermaine Huber', '', 6
);

/* INSERT QUERY NO: 79 */
INSERT INTO Faculty(Fid, Fname, Qualification, Deptid)
VALUES
(
178, 'Wyatt Byers', 'Mtech.', 1
);

/* INSERT QUERY NO: 80 */
INSERT INTO Faculty(Fid, Fname, Qualification, Deptid)
VALUES
(
179, 'Ryan Brennan', 'Ph.D', 3
);

/* INSERT QUERY NO: 81 */
INSERT INTO Faculty(Fid, Fname, Qualification, Deptid)
VALUES
(
180, 'Basil Gallagher', 'BSc.', 7
);

/* INSERT QUERY NO: 82 */
INSERT INTO Faculty(Fid, Fname, Qualification, Deptid)
VALUES
(
181, 'Phelan Singleton', 'BSc.', 6
);

/* INSERT QUERY NO: 83 */
INSERT INTO Faculty(Fid, Fname, Qualification, Deptid)
VALUES
(
182, 'Odette Brown', 'MSc.', 4
);

/* INSERT QUERY NO: 84 */
INSERT INTO Faculty(Fid, Fname, Qualification, Deptid)
VALUES
(
183, 'Jeanette Noel', 'MCA', 5
);

/* INSERT QUERY NO: 85 */
INSERT INTO Faculty(Fid, Fname, Qualification, Deptid)
VALUES
(
184, 'Xantha Lynn', 'MCA', 3
);

/* INSERT QUERY NO: 86 */
INSERT INTO Faculty(Fid, Fname, Qualification, Deptid)
VALUES
(
185, 'Oren Martinez', 'Mcom.', 5
);

/* INSERT QUERY NO: 87 */
INSERT INTO Faculty(Fid, Fname, Qualification, Deptid)
VALUES
(
186, 'Blake Myers', 'Ph.D', 2
);

/* INSERT QUERY NO: 88 */
INSERT INTO Faculty(Fid, Fname, Qualification, Deptid)
VALUES
(
187, 'Bernard Grimes', 'Mtech.', 8
);

/* INSERT QUERY NO: 89 */
INSERT INTO Faculty(Fid, Fname, Qualification, Deptid)
VALUES
(
188, 'Porter Church', '', 9
);

/* INSERT QUERY NO: 90 */
INSERT INTO Faculty(Fid, Fname, Qualification, Deptid)
VALUES
(
189, 'Sandra Obrien', 'MBA', 2
);

/* INSERT QUERY NO: 91 */
INSERT INTO Faculty(Fid, Fname, Qualification, Deptid)
VALUES
(
190, 'Athena Hinton', 'MBA', 5
);

/* INSERT QUERY NO: 92 */
INSERT INTO Faculty(Fid, Fname, Qualification, Deptid)
VALUES
(
191, 'Lani Drake', 'MCA', 2
);

/* INSERT QUERY NO: 93 */
INSERT INTO Faculty(Fid, Fname, Qualification, Deptid)
VALUES
(
192, 'Kylie Brock', 'Btech.', 10
);

/* INSERT QUERY NO: 94 */
INSERT INTO Faculty(Fid, Fname, Qualification, Deptid)
VALUES
(
193, 'Angelica Roberson', 'Mcom.', 4
);

/* INSERT QUERY NO: 95 */
INSERT INTO Faculty(Fid, Fname, Qualification, Deptid)
VALUES
(
194, 'Clarke Ochoa', 'Ph.D', 7
);

/* INSERT QUERY NO: 96 */
INSERT INTO Faculty(Fid, Fname, Qualification, Deptid)
VALUES
(
195, 'Jaime Mercado', 'MCA', 3
);

/* INSERT QUERY NO: 97 */
INSERT INTO Faculty(Fid, Fname, Qualification, Deptid)
VALUES
(
196, 'Breanna Bates', 'Ph.D', 4
);

/* INSERT QUERY NO: 98 */
INSERT INTO Faculty(Fid, Fname, Qualification, Deptid)
VALUES
(
197, 'Elmo Hayes', 'Mtech.', 4
);

/* INSERT QUERY NO: 99 */
INSERT INTO Faculty(Fid, Fname, Qualification, Deptid)
VALUES
(
198, 'Kyra Roth', '', 6
);

/* INSERT QUERY NO: 100 */
INSERT INTO Faculty(Fid, Fname, Qualification, Deptid)
VALUES
(
199, 'Adrienne Bryant', 'BSc.', 3
);

-- Department Table
-- ======================

/* CREATE TABLE */
CREATE TABLE Department(
Deptid INT,
Dname VARCHAR(100)
);

/* INSERT QUERY NO: 1 */
INSERT INTO Department(Deptid, Dname)
VALUES
(
1, 'Mechanical'
);

/* INSERT QUERY NO: 2 */
INSERT INTO Department(Deptid, Dname)
VALUES
(
2, 'ECE'
);

/* INSERT QUERY NO: 3 */
INSERT INTO Department(Deptid, Dname)
VALUES
(
3, 'Biotech'
);

/* INSERT QUERY NO: 4 */
INSERT INTO Department(Deptid, Dname)
VALUES
(
4, 'IT'
);

/* INSERT QUERY NO: 5 */
INSERT INTO Department(Deptid, Dname)
VALUES
(
5, 'Electrical'
);

/* INSERT QUERY NO: 6 */
INSERT INTO Department(Deptid, Dname)
VALUES
(
6, 'ETC'
);

/* INSERT QUERY NO: 7 */
INSERT INTO Department(Deptid, Dname)
VALUES
(
7, 'Aeronautics'
);

/* INSERT QUERY NO: 8 */
INSERT INTO Department(Deptid, Dname)
VALUES
(
8, 'Chemical'
);

/* INSERT QUERY NO: 9 */
INSERT INTO Department(Deptid, Dname)
VALUES
(
9, 'Robotics'
);

/* INSERT QUERY NO: 10 */
INSERT INTO Department(Deptid, Dname)
VALUES
(
10, 'CSE'
);


